Garret Griggs,UCLA
Chase Honaker,UCLA
Bernardo Maurizi,UCLA
Gabe Discipulo,UCLA
Andy Rodgers,UCLA
Jack White,UCLA
Cameron Reagan,UCLA
Tommy Gruwell,UCLA
Giorgio Alessandria,UCLA
Gianpiero Di Martire,UCLA
Mo Kenney,UCLA
Jack Larsen,UCLA
Jake Leonard,UCLA
Luke Makshanoff,UCLA
Hayden Nightingale,UCLA
Guillermo Ocasio,UCLA
Tanner Pulice,UCLA
Maximo Rossi,UCLA
Ethan Shipman,UCLA
Vaios Vlahotasios,USC
Marko Vavic,USC
Alexander Lansill,USC
Luke Wyatt,USC
Chris Sturtevant,USC
Marcus Longton,USC
James Kolenda,USC
Chris Agliozzo,USC
Corey Allan,USC
Grayden Reynolds,USC
Matt Harrison,USC
Henry Saunders,USC
Payne Fama,USC
Patrick Burke,USC
Wyatt Barker,USC
Blake Jackson,USC
Marko Karaman,USC
Carson Kranz,USC
Tom McGuire,USC
Ashworth Molthen,USC
Tony Nardelli,USC
Reed Stemler,USC
Oliver Von Karl,USC
Joshua Waldoch,USC
Anthony Rethans,CAL
Adrian Weinberg,CAL
Marko Valecic,CAL
Nikolaos Papanikolaou,CAL
Chris Ball,CAL
Joe Molina,CAL
Miles O'Brien-Schridde,CAL
Garrett Dunn,CAL
Nikos Delagrammatikas,CAL
David Feingold,CAL
Tommy Kennedy,CAL
Warren Loth,CAL
Jake Stone,CAL
Ian Minsterman,CAL
Jack Deely,CAL
Brady Hoover,CAL
Sam Untrecht,CAL
Blake Hoover,CAL
Mateus Stellet,CAL
George Avakian,CAL
Nolan Krutonog,Stanford
Tyler Abramson,Stanford
Spencer Nelson,Stanford
AJ Rossman,Stanford
Beck Jurasius,Stanford
Ethan Parrish,Stanford
Troy Gleason,Stanford
Parker Killion,Stanford
Walker Seymour,Stanford
Andrew Churukian,Stanford
Quinn Woodhead,Stanford
Riley Pittman,Stanford
Ike Love,Stanford
Soren Jensen,Stanford
Jackson Painter,Stanford
Larsen Weigle,Stanford
Jack Martin,Stanford
Grant Watson,Stanford
Speedy Laster,Stanford
CJ Indart,Stanford
Liam Harrison,Stanford
Alika Naone,CSULB